[
  {
    "query": "disaster restoration",
    "geo_location": "Phoenix, Arizona, United States"
  },
  {
    "query": "disaster restoration",
    "geo_location": "Glendale, Arizona, United States"
  },
  {
    "query": "disaster restoration",
    "geo_location": "Tempe, Arizona, United States"
  },
  {
    "query": "disaster restoration",
    "geo_location": "Yuma, Arizona, United States"
  },
  {
    "query": "disaster restoration",
    "geo_location": "Mesa, Arizona, United States"
  },
  {
    "query": "disaster restoration",
    "geo_location": "Prescott Valley, Arizona, United States"
  },
  {
    "query": "disaster restoration",
    "geo_location": "Scottsdale, Arizona, United States"
  },
  {
    "query": "disaster restoration",
    "geo_location": "Chandler, Arizona, United States"
  },
  {
    "query": "disaster restoration",
    "geo_location": "San Tan Valley, Arizona, United States"
  },
  {
    "query": "disaster restoration",
    "geo_location": "Gilbert, Arizona, United States"
  },
  {
    "query": "disaster restoration",
    "geo_location": "Peoria, Arizona, United States"
  },
  {
    "query": "disaster restoration",
    "geo_location": "Goodyear, Arizona, United States"
  },
  {
    "query": "disaster restoration",
    "geo_location": "Buckeye, Arizona, United States"
  },
  {
    "query": "disaster restoration",
    "geo_location": "Kailua, Hawaii, United States"
  },
  {
    "query": "disaster restoration",
    "geo_location": "Washington, District of Columbia, United States"
  },
  {
    "query": "disaster restoration",
    "geo_location": "San Juan, Puerto Rico, United States"
  },
  {
    "query": "disaster restoration",
    "geo_location": "Bayamón, Puerto Rico, United States"
  },
  {
    "query": "disaster restoration",
    "geo_location": "Ponce, Puerto Rico, United States"
  },
  {
    "query": "disaster restoration",
    "geo_location": "Carolina, Puerto Rico, United States"
  },
  {
    "query": "disaster restoration",
    "geo_location": "Arecibo, Puerto Rico, United States"
  },
  {
    "query": "disaster restoration",
    "geo_location": "San Germán, Puerto Rico, United States"
  },
  {
    "query": "disaster restoration",
    "geo_location": "Staten Island, New York, United States"
  },
  {
    "query": "disaster restoration",
    "geo_location": "Lancaster, Pennsylvania, United States"
  },
  {
    "query": "disaster restoration",
    "geo_location": "Rock Hill, South Carolina, United States"
  },
  {
    "query": "disaster restoration",
    "geo_location": "Bend, Oregon, United States"
  },
  {
    "query": "disaster restoration",
    "geo_location": "Mission Viejo, California, United States"
  },
  {
    "query": "disaster restoration",
    "geo_location": "Tucson, Arizona, United States"
  },
  {
    "query": "disaster restoration",
    "geo_location": "Surprise, Arizona, United States"
  },
  {
    "query": "disaster restoration",
    "geo_location": "Aguadilla, Puerto Rico, United States"
  },
  {
    "query": "disaster restoration",
    "geo_location": "Lancaster, Pennsylvania, United States"
  },
  {
    "query": "disaster restoration",
    "geo_location": "Baltimore, Maryland, United States"
  },
  {
    "query": "disaster restoration",
    "geo_location": "Richmond, Virginia, United States"
  },
  {
    "query": "disaster restoration",
    "geo_location": "Allentown, Pennsylvania, United States"
  },
  {
    "query": "disaster restoration",
    "geo_location": "Harrisburg, Pennsylvania, United States"
  },
  {
    "query": "disaster restoration",
    "geo_location": "Scranton, Pennsylvania, United States"
  },
  {
    "query": "disaster restoration",
    "geo_location": "Newark, New Jersey, United States"
  },
  {
    "query": "disaster restoration",
    "geo_location": "Reading, Pennsylvania, United States"
  },
  {
    "query": "disaster restoration",
    "geo_location": "York, Pennsylvania, United States"
  },
  {
    "query": "disaster restoration",
    "geo_location": "Roanoke, Virginia, United States"
  },
  {
    "query": "disaster restoration",
    "geo_location": "Hagerstown, Maryland, United States"
  },
  {
    "query": "disaster restoration",
    "geo_location": "Erie, Pennsylvania, United States"
  },
  {
    "query": "disaster restoration",
    "geo_location": "Newport News, Virginia, United States"
  },
  {
    "query": "disaster restoration",
    "geo_location": "Fredericksburg, Virginia, United States"
  },
  {
    "query": "disaster restoration",
    "geo_location": "Paterson, New Jersey, United States"
  },
  {
    "query": "disaster restoration",
    "geo_location": "Hampton, Virginia, United States"
  },
  {
    "query": "disaster restoration",
    "geo_location": "Lakewood, New Jersey, United States"
  },
  {
    "query": "disaster restoration",
    "geo_location": "Philadelphia, Pennsylvania, United States"
  },
  {
    "query": "disaster restoration",
    "geo_location": "Trenton, New Jersey, United States"
  },
  {
    "query": "disaster restoration",
    "geo_location": "Norfolk, Virginia, United States"
  },
  {
    "query": "disaster restoration",
    "geo_location": "Lynchburg, Virginia, United States"
  },
  {
    "query": "disaster restoration",
    "geo_location": "Charlottesville, Virginia, United States"
  },
  {
    "query": "disaster restoration",
    "geo_location": "Portsmouth, Virginia, United States"
  },
  {
    "query": "disaster restoration",
    "geo_location": "Virginia Beach, Virginia, United States"
  },
  {
    "query": "disaster restoration",
    "geo_location": "Chesapeake, Virginia, United States"
  },
  {
    "query": "disaster restoration",
    "geo_location": "Arlington, Virginia, United States"
  },
  {
    "query": "disaster restoration",
    "geo_location": "Frederick, Maryland, United States"
  },
  {
    "query": "disaster restoration",
    "geo_location": "Alexandria, Virginia, United States"
  },
  {
    "query": "disaster restoration",
    "geo_location": "Waldorf, Maryland, United States"
  },
  {
    "query": "disaster restoration",
    "geo_location": "Columbia, Maryland, United States"
  },
  {
    "query": "disaster restoration",
    "geo_location": "Suffolk, Virginia, United States"
  },
  {
    "query": "disaster restoration",
    "geo_location": "Cincinnati, Ohio, United States"
  },
  {
    "query": "disaster restoration",
    "geo_location": "Cleveland, Ohio, United States"
  },
  {
    "query": "disaster restoration",
    "geo_location": "Columbus, Ohio, United States"
  },
  {
    "query": "disaster restoration",
    "geo_location": "Eau Claire, Wisconsin, United States"
  },
  {
    "query": "disaster restoration",
    "geo_location": "Aurora, Illinois, United States"
  },
  {
    "query": "disaster restoration",
    "geo_location": "Naperville, Illinois, United States"
  },
  {
    "query": "disaster restoration",
    "geo_location": "Carmel, Indiana, United States"
  },
  {
    "query": "disaster restoration",
    "geo_location": "Bloomington, Illinois, United States"
  },
  {
    "query": "disaster restoration",
    "geo_location": "Detroit, Michigan, United States"
  },
  {
    "query": "disaster restoration",
    "geo_location": "Indianapolis, Indiana, United States"
  },
  {
    "query": "disaster restoration",
    "geo_location": "Milwaukee, Wisconsin, United States"
  },
  {
    "query": "disaster restoration",
    "geo_location": "Dayton, Ohio, United States"
  },
  {
    "query": "disaster restoration",
    "geo_location": "Grand Rapids, Michigan, United States"
  },
  {
    "query": "disaster restoration",
    "geo_location": "Toledo, Ohio, United States"
  },
  {
    "query": "disaster restoration",
    "geo_location": "Madison, Wisconsin, United States"
  },
  {
    "query": "disaster restoration",
    "geo_location": "Fort Wayne, Indiana, United States"
  },
  {
    "query": "disaster restoration",
    "geo_location": "Lansing, Michigan, United States"
  },
  {
    "query": "disaster restoration",
    "geo_location": "Youngstown, Ohio, United States"
  },
  {
    "query": "disaster restoration",
    "geo_location": "Canton, Ohio, United States"
  },
  {
    "query": "disaster restoration",
    "geo_location": "South Bend, Indiana, United States"
  },
  {
    "query": "disaster restoration",
    "geo_location": "Peoria, Illinois, United States"
  },
  {
    "query": "disaster restoration",
    "geo_location": "Round Lake Beach, Illinois, United States"
  },
  {
    "query": "disaster restoration",
    "geo_location": "Green Bay, Wisconsin, United States"
  },
  {
    "query": "disaster restoration",
    "geo_location": "Evansville, Indiana, United States"
  },
  {
    "query": "disaster restoration",
    "geo_location": "Kalamazoo, Michigan, United States"
  },
  {
    "query": "disaster restoration",
    "geo_location": "Lorain, Ohio, United States"
  },
  {
    "query": "disaster restoration",
    "geo_location": "Muskegon, Michigan, United States"
  },
  {
    "query": "disaster restoration",
    "geo_location": "Lafayette, Indiana, United States"
  },
  {
    "query": "disaster restoration",
    "geo_location": "Springfield, Illinois, United States"
  },
  {
    "query": "disaster restoration",
    "geo_location": "South Lyon, Michigan, United States"
  },
  {
    "query": "disaster restoration",
    "geo_location": "Joliet, Illinois, United States"
  },
  {
    "query": "disaster restoration",
    "geo_location": "Champaign, Illinois, United States"
  },
  {
    "query": "disaster restoration",
    "geo_location": "Warren, Michigan, United States"
  },
  {
    "query": "disaster restoration",
    "geo_location": "Saginaw, Michigan, United States"
  },
  {
    "query": "disaster restoration",
    "geo_location": "Elgin, Illinois, United States"
  },
  {
    "query": "disaster restoration",
    "geo_location": "Holland, Michigan, United States"
  },
  {
    "query": "disaster restoration",
    "geo_location": "Dearborn, Michigan, United States"
  },
  {
    "query": "disaster restoration",
    "geo_location": "Bloomington, Indiana, United States"
  },
  {
    "query": "disaster restoration",
    "geo_location": "Chicago, Illinois, United States"
  },
  {
    "query": "disaster restoration",
    "geo_location": "Akron, Ohio, United States"
  },
  {
    "query": "disaster restoration",
    "geo_location": "Ann Arbor, Michigan, United States"
  },
  {
    "query": "disaster restoration",
    "geo_location": "Flint, Michigan, United States"
  },
  {
    "query": "disaster restoration",
    "geo_location": "Rockford, Illinois, United States"
  },
  {
    "query": "disaster restoration",
    "geo_location": "Appleton, Wisconsin, United States"
  },
  {
    "query": "disaster restoration",
    "geo_location": "Elkhart, Indiana, United States"
  },
  {
    "query": "disaster restoration",
    "geo_location": "Racine, Wisconsin, United States"
  },
  {
    "query": "disaster restoration",
    "geo_location": "Sterling Heights, Michigan, United States"
  },
  {
    "query": "disaster restoration",
    "geo_location": "Kenosha, Wisconsin, United States"
  },
  {
    "query": "disaster restoration",
    "geo_location": "Middletown, Ohio, United States"
  },
  {
    "query": "disaster restoration",
    "geo_location": "Wichita, Kansas, United States"
  },
  {
    "query": "disaster restoration",
    "geo_location": "Independence, Missouri, United States"
  },
  {
    "query": "disaster restoration",
    "geo_location": "Fishers, Indiana, United States"
  },
  {
    "query": "disaster restoration",
    "geo_location": "Davenport, Iowa, United States"
  },
  {
    "query": "disaster restoration",
    "geo_location": "Cedar Rapids, Iowa, United States"
  },
  {
    "query": "disaster restoration",
    "geo_location": "Olathe, Kansas, United States"
  },
  {
    "query": "disaster restoration",
    "geo_location": "Lee's Summit, Missouri, United States"
  },
  {
    "query": "disaster restoration",
    "geo_location": "Des Moines, Iowa, United States"
  },
  {
    "query": "disaster restoration",
    "geo_location": "Lincoln, Nebraska, United States"
  },
  {
    "query": "disaster restoration",
    "geo_location": "Norman, Oklahoma, United States"
  },
  {
    "query": "disaster restoration",
    "geo_location": "Waterloo, Iowa, United States"
  },
  {
    "query": "disaster restoration",
    "geo_location": "Sioux City, Iowa, United States"
  },
  {
    "query": "disaster restoration",
    "geo_location": "St. Louis, Missouri, United States"
  },
  {
    "query": "disaster restoration",
    "geo_location": "Springfield, Missouri, United States"
  },
  {
    "query": "disaster restoration",
    "geo_location": "Kansas City, Kansas, United States"
  },
  {
    "query": "disaster restoration",
    "geo_location": "Kansas City, Missouri, United States"
  },
  {
    "query": "disaster restoration",
    "geo_location": "Oklahoma City, Oklahoma, United States"
  },
  {
    "query": "disaster restoration",
    "geo_location": "Omaha, Nebraska, United States"
  },
  {
    "query": "disaster restoration",
    "geo_location": "Tulsa, Oklahoma, United States"
  },
  {
    "query": "disaster restoration",
    "geo_location": "Iowa City, Iowa, United States"
  },
  {
    "query": "disaster restoration",
    "geo_location": "Lawrence, Kansas, United States"
  },
  {
    "query": "disaster restoration",
    "geo_location": "Topeka, Kansas, United States"
  },
  {
    "query": "disaster restoration",
    "geo_location": "Columbia, Missouri, United States"
  },
  {
    "query": "disaster restoration",
    "geo_location": "Broken Arrow, Oklahoma, United States"
  },
  {
    "query": "disaster restoration",
    "geo_location": "Overland Park, Kansas, United States"
  },
  {
    "query": "disaster restoration",
    "geo_location": "Duluth, Minnesota, United States"
  },
  {
    "query": "disaster restoration",
    "geo_location": "New Orleans, Louisiana, United States"
  },
  {
    "query": "disaster restoration",
    "geo_location": "Metairie, Louisiana, United States"
  },
  {
    "query": "disaster restoration",
    "geo_location": "Mandeville, Louisiana, United States"
  },
  {
    "query": "disaster restoration",
    "geo_location": "Auburn, Alabama, United States"
  },
  {
    "query": "disaster restoration",
    "geo_location": "El Paso, Texas, United States"
  },
  {
    "query": "disaster restoration",
    "geo_location": "Pasadena, Texas, United States"
  },
  {
    "query": "disaster restoration",
    "geo_location": "Temple, Texas, United States"
  },
  {
    "query": "disaster restoration",
    "geo_location": "Harlingen, Texas, United States"
  },
  {
    "query": "disaster restoration",
    "geo_location": "Midland, Texas, United States"
  },
  {
    "query": "disaster restoration",
    "geo_location": "Round Rock, Texas, United States"
  },
  {
    "query": "disaster restoration",
    "geo_location": "Sugar Land, Texas, United States"
  },
  {
    "query": "disaster restoration",
    "geo_location": "Orlando, Florida, United States"
  },
  {
    "query": "disaster restoration",
    "geo_location": "McAllen, Texas, United States"
  },
  {
    "query": "disaster restoration",
    "geo_location": "Birmingham, Alabama, United States"
  },
  {
    "query": "disaster restoration",
    "geo_location": "Pensacola, Florida, United States"
  },
  {
    "query": "disaster restoration",
    "geo_location": "Huntsville, Alabama, United States"
  },
  {
    "query": "disaster restoration",
    "geo_location": "Winter Haven, Florida, United States"
  },
  {
    "query": "disaster restoration",
    "geo_location": "Shreveport, Louisiana, United States"
  },
  {
    "query": "disaster restoration",
    "geo_location": "Garland, Texas, United States"
  },
  {
    "query": "disaster restoration",
    "geo_location": "St. Petersburg, Florida, United States"
  },
  {
    "query": "disaster restoration",
    "geo_location": "Montgomery, Alabama, United States"
  },
  {
    "query": "disaster restoration",
    "geo_location": "Hialeah, Florida, United States"
  },
  {
    "query": "disaster restoration",
    "geo_location": "Amarillo, Texas, United States"
  },
  {
    "query": "disaster restoration",
    "geo_location": "Ocala, Florida, United States"
  },
  {
    "query": "disaster restoration",
    "geo_location": "Hollywood, Florida, United States"
  },
  {
    "query": "disaster restoration",
    "geo_location": "Port Arthur, Texas, United States"
  },
  {
    "query": "disaster restoration",
    "geo_location": "Dallas, Texas, United States"
  },
  {
    "query": "disaster restoration",
    "geo_location": "Tampa, Florida, United States"
  },
  {
    "query": "disaster restoration",
    "geo_location": "Jackson, Mississippi, United States"
  },
  {
    "query": "disaster restoration",
    "geo_location": "Gulfport, Mississippi, United States"
  },
  {
    "query": "disaster restoration",
    "geo_location": "Brownsville, Texas, United States"
  },
  {
    "query": "disaster restoration",
    "geo_location": "Pembroke Pines, Florida, United States"
  },
  {
    "query": "disaster restoration",
    "geo_location": "Conroe, Texas, United States"
  },
  {
    "query": "disaster restoration",
    "geo_location": "St. Augustine, Florida, United States"
  },
  {
    "query": "disaster restoration",
    "geo_location": "Miami, Florida, United States"
  },
  {
    "query": "disaster restoration",
    "geo_location": "Houston, Texas, United States"
  },
  {
    "query": "disaster restoration",
    "geo_location": "San Antonio, Texas, United States"
  },
  {
    "query": "disaster restoration",
    "geo_location": "Jacksonville, Florida, United States"
  },
  {
    "query": "disaster restoration",
    "geo_location": "Fort Worth, Texas, United States"
  },
  {
    "query": "disaster restoration",
    "geo_location": "Cape Coral, Florida, United States"
  },
  {
    "query": "disaster restoration",
    "geo_location": "Baton Rouge, Louisiana, United States"
  },
  {
    "query": "disaster restoration",
    "geo_location": "Palm Bay, Florida, United States"
  },
  {
    "query": "disaster restoration",
    "geo_location": "Port St. Lucie, Florida, United States"
  },
  {
    "query": "disaster restoration",
    "geo_location": "Denton, Texas, United States"
  },
  {
    "query": "disaster restoration",
    "geo_location": "Kissimmee, Florida, United States"
  },
  {
    "query": "disaster restoration",
    "geo_location": "Arlington, Texas, United States"
  },
  {
    "query": "disaster restoration",
    "geo_location": "Corpus Christi, Texas, United States"
  },
  {
    "query": "disaster restoration",
    "geo_location": "Mobile, Alabama, United States"
  },
  {
    "query": "disaster restoration",
    "geo_location": "Lubbock, Texas, United States"
  },
  {
    "query": "disaster restoration",
    "geo_location": "Killeen, Texas, United States"
  },
  {
    "query": "disaster restoration",
    "geo_location": "Tallahassee, Florida, United States"
  },
  {
    "query": "disaster restoration",
    "geo_location": "Irving, Texas, United States"
  },
  {
    "query": "disaster restoration",
    "geo_location": "Lafayette, Louisiana, United States"
  },
  {
    "query": "disaster restoration",
    "geo_location": "Deltona, Florida, United States"
  },
  {
    "query": "disaster restoration",
    "geo_location": "College Station, Texas, United States"
  },
  {
    "query": "disaster restoration",
    "geo_location": "Gainesville, Florida, United States"
  },
  {
    "query": "disaster restoration",
    "geo_location": "Waco, Texas, United States"
  },
  {
    "query": "disaster restoration",
    "geo_location": "Panama City, Florida, United States"
  },
  {
    "query": "disaster restoration",
    "geo_location": "Tuscaloosa, Alabama, United States"
  },
  {
    "query": "disaster restoration",
    "geo_location": "Leesburg, Florida, United States"
  },
  {
    "query": "disaster restoration",
    "geo_location": "Houma, Louisiana, United States"
  },
  {
    "query": "disaster restoration",
    "geo_location": "Lake Charles, Louisiana, United States"
  },
  {
    "query": "disaster restoration",
    "geo_location": "Tyler, Texas, United States"
  },
  {
    "query": "disaster restoration",
    "geo_location": "Lehigh Acres, Florida, United States"
  },
  {
    "query": "disaster restoration",
    "geo_location": "West Palm Beach, Florida, United States"
  },
  {
    "query": "disaster restoration",
    "geo_location": "Monroe, Louisiana, United States"
  },
  {
    "query": "disaster restoration",
    "geo_location": "Lakeland, Florida, United States"
  },
  {
    "query": "disaster restoration",
    "geo_location": "Laredo, Texas, United States"
  },
  {
    "query": "disaster restoration",
    "geo_location": "Fort Lauderdale, Florida, United States"
  },
  {
    "query": "disaster restoration",
    "geo_location": "Galveston, Texas, United States"
  },
  {
    "query": "disaster restoration",
    "geo_location": "Odessa, Texas, United States"
  },
  {
    "query": "disaster restoration",
    "geo_location": "Beaumont, Texas, United States"
  },
  {
    "query": "disaster restoration",
    "geo_location": "Clearwater, Florida, United States"
  },
  {
    "query": "disaster restoration",
    "geo_location": "Brandon, Florida, United States"
  },
  {
    "query": "disaster restoration",
    "geo_location": "Miami Gardens, Florida, United States"
  },
  {
    "query": "disaster restoration",
    "geo_location": "Edinburg, Texas, United States"
  },
  {
    "query": "disaster restoration",
    "geo_location": "Wichita Falls, Texas, United States"
  },
  {
    "query": "disaster restoration",
    "geo_location": "San Angelo, Texas, United States"
  },
  {
    "query": "disaster restoration",
    "geo_location": "New Braunfels, Texas, United States"
  },
  {
    "query": "disaster restoration",
    "geo_location": "Bonita Springs, Florida, United States"
  },
  {
    "query": "disaster restoration",
    "geo_location": "Boca Raton, Florida, United States"
  },
  {
    "query": "disaster restoration",
    "geo_location": "Austin, Texas, United States"
  },
  {
    "query": "disaster restoration",
    "geo_location": "Plano, Texas, United States"
  },
  {
    "query": "disaster restoration",
    "geo_location": "Frisco, Texas, United States"
  },
  {
    "query": "disaster restoration",
    "geo_location": "McKinney, Texas, United States"
  },
  {
    "query": "disaster restoration",
    "geo_location": "Pearland, Texas, United States"
  },
  {
    "query": "disaster restoration",
    "geo_location": "The Woodlands, Texas, United States"
  },
  {
    "query": "disaster restoration",
    "geo_location": "Riverview, Florida, United States"
  },
  {
    "query": "disaster restoration",
    "geo_location": "League City, Texas, United States"
  },
  {
    "query": "disaster restoration",
    "geo_location": "Bowling Green, Kentucky, United States"
  },
  {
    "query": "disaster restoration",
    "geo_location": "Atlanta, Georgia, United States"
  },
  {
    "query": "disaster restoration",
    "geo_location": "Charlotte, North Carolina, United States"
  },
  {
    "query": "disaster restoration",
    "geo_location": "Raleigh, North Carolina, United States"
  },
  {
    "query": "disaster restoration",
    "geo_location": "Louisville, Kentucky, United States"
  },
  {
    "query": "disaster restoration",
    "geo_location": "Memphis, Tennessee, United States"
  },
  {
    "query": "disaster restoration",
    "geo_location": "Knoxville, Tennessee, United States"
  },
  {
    "query": "disaster restoration",
    "geo_location": "Columbia, South Carolina, United States"
  },
  {
    "query": "disaster restoration",
    "geo_location": "Durham, North Carolina, United States"
  },
  {
    "query": "disaster restoration",
    "geo_location": "Augusta, Georgia, United States"
  },
  {
    "query": "disaster restoration",
    "geo_location": "Winston-Salem, North Carolina, United States"
  },
  {
    "query": "disaster restoration",
    "geo_location": "Chattanooga, Tennessee, United States"
  },
  {
    "query": "disaster restoration",
    "geo_location": "Greenville, South Carolina, United States"
  },
  {
    "query": "disaster restoration",
    "geo_location": "Fayetteville, North Carolina, United States"
  },
  {
    "query": "disaster restoration",
    "geo_location": "Myrtle Beach, South Carolina, United States"
  },
  {
    "query": "disaster restoration",
    "geo_location": "Lexington, Kentucky, United States"
  },
  {
    "query": "disaster restoration",
    "geo_location": "Savannah, Georgia, United States"
  },
  {
    "query": "disaster restoration",
    "geo_location": "Concord, North Carolina, United States"
  },
  {
    "query": "disaster restoration",
    "geo_location": "Asheville, North Carolina, United States"
  },
  {
    "query": "disaster restoration",
    "geo_location": "Hickory, North Carolina, United States"
  },
  {
    "query": "disaster restoration",
    "geo_location": "Macon, Georgia, United States"
  },
  {
    "query": "disaster restoration",
    "geo_location": "Charleston, West Virginia, United States"
  },
  {
    "query": "disaster restoration",
    "geo_location": "Greenville, North Carolina, United States"
  },
  {
    "query": "disaster restoration",
    "geo_location": "North Charleston, South Carolina, United States"
  },
  {
    "query": "disaster restoration",
    "geo_location": "Jacksonville, North Carolina, United States"
  },
  {
    "query": "disaster restoration",
    "geo_location": "Wilmington, North Carolina, United States"
  },
  {
    "query": "disaster restoration",
    "geo_location": "Columbus, Georgia, United States"
  },
  {
    "query": "disaster restoration",
    "geo_location": "Spartanburg, South Carolina, United States"
  },
  {
    "query": "disaster restoration",
    "geo_location": "Huntington, West Virginia, United States"
  },
  {
    "query": "disaster restoration",
    "geo_location": "Gastonia, North Carolina, United States"
  },
  {
    "query": "disaster restoration",
    "geo_location": "High Point, North Carolina, United States"
  },
  {
    "query": "disaster restoration",
    "geo_location": "Burlington, North Carolina, United States"
  },
  {
    "query": "disaster restoration",
    "geo_location": "Athens, Georgia, United States"
  },
  {
    "query": "disaster restoration",
    "geo_location": "Johnson City, Tennessee, United States"
  },
  {
    "query": "disaster restoration",
    "geo_location": "Nashville, Tennessee, United States"
  },
  {
    "query": "disaster restoration",
    "geo_location": "Greensboro, North Carolina, United States"
  },
  {
    "query": "disaster restoration",
    "geo_location": "Clarksville, Tennessee, United States"
  },
  {
    "query": "disaster restoration",
    "geo_location": "Murfreesboro, Tennessee, United States"
  },
  {
    "query": "disaster restoration",
    "geo_location": "Warner Robins, Georgia, United States"
  },
  {
    "query": "disaster restoration",
    "geo_location": "Gainesville, Georgia, United States"
  },
  {
    "query": "disaster restoration",
    "geo_location": "Mauldin, South Carolina, United States"
  },
  {
    "query": "disaster restoration",
    "geo_location": "South Fulton, Georgia, United States"
  },
  {
    "query": "disaster restoration",
    "geo_location": "Charleston, South Carolina, United States"
  },
  {
    "query": "disaster restoration",
    "geo_location": "Cary, North Carolina, United States"
  },
  {
    "query": "disaster restoration",
    "geo_location": "Sandy Springs, Georgia, United States"
  },
  {
    "query": "disaster restoration",
    "geo_location": "Rio Rancho, New Mexico, United States"
  },
  {
    "query": "disaster restoration",
    "geo_location": "Westminster, Colorado, United States"
  },
  {
    "query": "disaster restoration",
    "geo_location": "Fort Collins, Colorado, United States"
  },
  {
    "query": "disaster restoration",
    "geo_location": "Las Vegas, Nevada, United States"
  },
  {
    "query": "disaster restoration",
    "geo_location": "Salt Lake City, Utah, United States"
  },
  {
    "query": "disaster restoration",
    "geo_location": "Provo, Utah, United States"
  },
  {
    "query": "disaster restoration",
    "geo_location": "Colorado Springs, Colorado, United States"
  },
  {
    "query": "disaster restoration",
    "geo_location": "Ogden, Utah, United States"
  },
  {
    "query": "disaster restoration",
    "geo_location": "Reno, Nevada, United States"
  },
  {
    "query": "disaster restoration",
    "geo_location": "Boise, Idaho, United States"
  },
  {
    "query": "disaster restoration",
    "geo_location": "Aurora, Colorado, United States"
  },
  {
    "query": "disaster restoration",
    "geo_location": "Henderson, Nevada, United States"
  },
  {
    "query": "disaster restoration",
    "geo_location": "North Las Vegas, Nevada, United States"
  },
  {
    "query": "disaster restoration",
    "geo_location": "Lakewood, Colorado, United States"
  },
  {
    "query": "disaster restoration",
    "geo_location": "Greeley, Colorado, United States"
  },
  {
    "query": "disaster restoration",
    "geo_location": "Las Cruces, New Mexico, United States"
  },
  {
    "query": "disaster restoration",
    "geo_location": "West Valley City, Utah, United States"
  },
  {
    "query": "disaster restoration",
    "geo_location": "Coeur d'Alene, Idaho, United States"
  },
  {
    "query": "disaster restoration",
    "geo_location": "Albuquerque, New Mexico, United States"
  },
  {
    "query": "disaster restoration",
    "geo_location": "Nampa, Idaho, United States"
  },
  {
    "query": "disaster restoration",
    "geo_location": "St. George, Utah, United States"
  },
  {
    "query": "disaster restoration",
    "geo_location": "Grand Junction, Colorado, United States"
  },
  {
    "query": "disaster restoration",
    "geo_location": "Billings, Montana, United States"
  },
  {
    "query": "disaster restoration",
    "geo_location": "Logan, Utah, United States"
  },
  {
    "query": "disaster restoration",
    "geo_location": "Boulder, Colorado, United States"
  },
  {
    "query": "disaster restoration",
    "geo_location": "Pueblo, Colorado, United States"
  },
  {
    "query": "disaster restoration",
    "geo_location": "Idaho Falls, Idaho, United States"
  },
  {
    "query": "disaster restoration",
    "geo_location": "Sparks, Nevada, United States"
  },
  {
    "query": "disaster restoration",
    "geo_location": "Longmont, Colorado, United States"
  },
  {
    "query": "disaster restoration",
    "geo_location": "Orem, Utah, United States"
  },
  {
    "query": "disaster restoration",
    "geo_location": "Denver, Colorado, United States"
  },
  {
    "query": "disaster restoration",
    "geo_location": "Thornton, Colorado, United States"
  },
  {
    "query": "disaster restoration",
    "geo_location": "Meridian, Idaho, United States"
  },
  {
    "query": "disaster restoration",
    "geo_location": "Arvada, Colorado, United States"
  },
  {
    "query": "disaster restoration",
    "geo_location": "West Jordan, Utah, United States"
  },
  {
    "query": "disaster restoration",
    "geo_location": "Centennial, Colorado, United States"
  },
  {
    "query": "disaster restoration",
    "geo_location": "Lafayette, Colorado, United States"
  },
  {
    "query": "disaster restoration",
    "geo_location": "Highlands Ranch, Colorado, United States"
  },
  {
    "query": "disaster restoration",
    "geo_location": "Everett, Washington, United States"
  },
  {
    "query": "disaster restoration",
    "geo_location": "Bremerton, Washington, United States"
  },
  {
    "query": "disaster restoration",
    "geo_location": "Tacoma, Washington, United States"
  },
  {
    "query": "disaster restoration",
    "geo_location": "Olympia, Washington, United States"
  },
  {
    "query": "disaster restoration",
    "geo_location": "Medford, Oregon, United States"
  },
  {
    "query": "disaster restoration",
    "geo_location": "Gresham, Oregon, United States"
  },
  {
    "query": "disaster restoration",
    "geo_location": "Seattle, Washington, United States"
  },
  {
    "query": "disaster restoration",
    "geo_location": "Portland, Oregon, United States"
  },
  {
    "query": "disaster restoration",
    "geo_location": "Spokane, Washington, United States"
  },
  {
    "query": "disaster restoration",
    "geo_location": "Eugene, Oregon, United States"
  },
  {
    "query": "disaster restoration",
    "geo_location": "Salem, Oregon, United States"
  },
  {
    "query": "disaster restoration",
    "geo_location": "Kennewick, Washington, United States"
  },
  {
    "query": "disaster restoration",
    "geo_location": "Vancouver, Washington, United States"
  },
  {
    "query": "disaster restoration",
    "geo_location": "Yakima, Washington, United States"
  },
  {
    "query": "disaster restoration",
    "geo_location": "Bellingham, Washington, United States"
  },
  {
    "query": "disaster restoration",
    "geo_location": "Spokane Valley, Washington, United States"
  },
  {
    "query": "disaster restoration",
    "geo_location": "Marysville, Washington, United States"
  },
  {
    "query": "disaster restoration",
    "geo_location": "Bellevue, Washington, United States"
  },
  {
    "query": "disaster restoration",
    "geo_location": "Kent, Washington, United States"
  },
  {
    "query": "disaster restoration",
    "geo_location": "Hillsboro, Oregon, United States"
  },
  {
    "query": "disaster restoration",
    "geo_location": "Beaverton, Oregon, United States"
  },
  {
    "query": "disaster restoration",
    "geo_location": "Concord, California, United States"
  },
  {
    "query": "disaster restoration",
    "geo_location": "Santa Clarita, California, United States"
  },
  {
    "query": "disaster restoration",
    "geo_location": "Santa Barbara, California, United States"
  },
  {
    "query": "disaster restoration",
    "geo_location": "Elk Grove, California, United States"
  },
  {
    "query": "disaster restoration",
    "geo_location": "Oceanside, California, United States"
  },
  {
    "query": "disaster restoration",
    "geo_location": "Santa Cruz, California, United States"
  },
  {
    "query": "disaster restoration",
    "geo_location": "Hayward, California, United States"
  },
  {
    "query": "disaster restoration",
    "geo_location": "Roseville, California, United States"
  },
  {
    "query": "disaster restoration",
    "geo_location": "Fairfield, California, United States"
  },
  {
    "query": "disaster restoration",
    "geo_location": "Santa Clara, California, United States"
  },
  {
    "query": "disaster restoration",
    "geo_location": "Clovis, California, United States"
  },
  {
    "query": "disaster restoration",
    "geo_location": "Richmond, California, United States"
  },
  {
    "query": "disaster restoration",
    "geo_location": "San Mateo, California, United States"
  },
  {
    "query": "disaster restoration",
    "geo_location": "Daly City, California, United States"
  },
  {
    "query": "disaster restoration",
    "geo_location": "Vacaville, California, United States"
  },
  {
    "query": "disaster restoration",
    "geo_location": "Los Angeles, California, United States"
  },
  {
    "query": "disaster restoration",
    "geo_location": "Riverside, California, United States"
  },
  {
    "query": "disaster restoration",
    "geo_location": "Fresno, California, United States"
  },
  {
    "query": "disaster restoration",
    "geo_location": "Bakersfield, California, United States"
  },
  {
    "query": "disaster restoration",
    "geo_location": "Indio, California, United States"
  },
  {
    "query": "disaster restoration",
    "geo_location": "Visalia, California, United States"
  },
  {
    "query": "disaster restoration",
    "geo_location": "San Bernardino, California, United States"
  },
  {
    "query": "disaster restoration",
    "geo_location": "Salinas, California, United States"
  },
  {
    "query": "disaster restoration",
    "geo_location": "Santa Maria, California, United States"
  },
  {
    "query": "disaster restoration",
    "geo_location": "Yuba City, California, United States"
  },
  {
    "query": "disaster restoration",
    "geo_location": "Redding, California, United States"
  },
  {
    "query": "disaster restoration",
    "geo_location": "Seaside, California, United States"
  },
  {
    "query": "disaster restoration",
    "geo_location": "Long Beach, California, United States"
  },
  {
    "query": "disaster restoration",
    "geo_location": "Stockton, California, United States"
  },
  {
    "query": "disaster restoration",
    "geo_location": "Victorville, California, United States"
  },
  {
    "query": "disaster restoration",
    "geo_location": "Santa Ana, California, United States"
  },
  {
    "query": "disaster restoration",
    "geo_location": "Moreno Valley, California, United States"
  },
  {
    "query": "disaster restoration",
    "geo_location": "Vallejo, California, United States"
  },
  {
    "query": "disaster restoration",
    "geo_location": "Merced, California, United States"
  },
  {
    "query": "disaster restoration",
    "geo_location": "Arden-Arcade, California, United States"
  },
  {
    "query": "disaster restoration",
    "geo_location": "Oakland, California, United States"
  },
  {
    "query": "disaster restoration",
    "geo_location": "San Jose, California, United States"
  },
  {
    "query": "disaster restoration",
    "geo_location": "Chula Vista, California, United States"
  },
  {
    "query": "disaster restoration",
    "geo_location": "Fremont, California, United States"
  },
  {
    "query": "disaster restoration",
    "geo_location": "San Diego, California, United States"
  },
  {
    "query": "disaster restoration",
    "geo_location": "Chico, California, United States"
  },
  {
    "query": "disaster restoration",
    "geo_location": "Sacramento, California, United States"
  },
  {
    "query": "disaster restoration",
    "geo_location": "Modesto, California, United States"
  },
  {
    "query": "disaster restoration",
    "geo_location": "Fontana, California, United States"
  },
  {
    "query": "disaster restoration",
    "geo_location": "Thousand Oaks, California, United States"
  },
  {
    "query": "disaster restoration",
    "geo_location": "Simi Valley, California, United States"
  },
  {
    "query": "disaster restoration",
    "geo_location": "San Francisco, California, United States"
  },
  {
    "query": "disaster restoration",
    "geo_location": "Oxnard, California, United States"
  },
  {
    "query": "disaster restoration",
    "geo_location": "Anaheim, California, United States"
  },
  {
    "query": "disaster restoration",
    "geo_location": "Antioch, California, United States"
  },
  {
    "query": "disaster restoration",
    "geo_location": "Santa Rosa, California, United States"
  },
  {
    "query": "disaster restoration",
    "geo_location": "Sunnyvale, California, United States"
  },
  {
    "query": "disaster restoration",
    "geo_location": "Anchorage, Alaska, United States"
  },
  {
    "query": "disaster restoration",
    "geo_location": "Honolulu, Hawaii, United States"
  },
  {
    "query": "disaster restoration",
    "geo_location": "St. Paul, Minnesota, United States"
  },
  {
    "query": "disaster restoration",
    "geo_location": "Rochester, Minnesota, United States"
  },
  {
    "query": "disaster restoration",
    "geo_location": "Fargo, North Dakota, United States"
  },
  {
    "query": "disaster restoration",
    "geo_location": "Sioux Falls, South Dakota, United States"
  },
  {
    "query": "disaster restoration",
    "geo_location": "Bismarck, North Dakota, United States"
  },
  {
    "query": "disaster restoration",
    "geo_location": "Little Rock, Arkansas, United States"
  },
  {
    "query": "disaster restoration",
    "geo_location": "Fort Smith, Arkansas, United States"
  },
  {
    "query": "disaster restoration",
    "geo_location": "Fayetteville, Arkansas, United States"
  },
  {
    "query": "disaster restoration",
    "geo_location": "Dover, Delaware, United States"
  },
  {
    "query": "disaster restoration",
    "geo_location": "Minneapolis, Minnesota, United States"
  },
  {
    "query": "disaster restoration",
    "geo_location": "St. Cloud, Minnesota, United States"
  },
  {
    "query": "disaster restoration",
    "geo_location": "Bronx, New York, United States"
  },
  {
    "query": "disaster restoration",
    "geo_location": "Brooklyn, New York, United States"
  },
  {
    "query": "disaster restoration",
    "geo_location": "Queens, New York, United States"
  },
  {
    "query": "disaster restoration",
    "geo_location": "Manhattan, New York, United States"
  },
  {
    "query": "disaster restoration",
    "geo_location": "New York, New York, United States"
  },
  {
    "query": "disaster restoration",
    "geo_location": "Hempstead, New York, United States"
  },
  {
    "query": "disaster restoration",
    "geo_location": "Brookhaven, New York, United States"
  },
  {
    "query": "disaster restoration",
    "geo_location": "Islip, New York, United States"
  },
  {
    "query": "disaster restoration",
    "geo_location": "Oyster Bay, New York, United States"
  },
  {
    "query": "disaster restoration",
    "geo_location": "North Hempstead, New York, United States"
  },
  {
    "query": "disaster restoration",
    "geo_location": "Babylon, New York, United States"
  },
  {
    "query": "disaster restoration",
    "geo_location": "Amherst, New York, United States"
  },
  {
    "query": "disaster restoration",
    "geo_location": "Utica, New York, United States"
  },
  {
    "query": "disaster restoration",
    "geo_location": "Rochester, New York, United States"
  },
  {
    "query": "disaster restoration",
    "geo_location": "Albany, New York, United States"
  },
  {
    "query": "disaster restoration",
    "geo_location": "Syracuse, New York, United States"
  },
  {
    "query": "disaster restoration",
    "geo_location": "Binghamton, New York, United States"
  },
  {
    "query": "disaster restoration",
    "geo_location": "Buffalo, New York, United States"
  },
  {
    "query": "disaster restoration",
    "geo_location": "Poughkeepsie, New York, United States"
  },
  {
    "query": "disaster restoration",
    "geo_location": "Yonkers, New York, United States"
  },
  {
    "query": "disaster restoration",
    "geo_location": "Ramapo, New York, United States"
  },
  {
    "query": "disaster restoration",
    "geo_location": "Greece, New York, United States"
  },
  {
    "query": "disaster restoration",
    "geo_location": "Pittsburgh, Pennsylvania, United States"
  },
  {
    "query": "disaster restoration",
    "geo_location": "Jersey City, New Jersey, United States"
  },
  {
    "query": "disaster restoration",
    "geo_location": "Edison, New Jersey, United States"
  },
  {
    "query": "disaster restoration",
    "geo_location": "Woodbridge, New Jersey, United States"
  },
  {
    "query": "disaster restoration",
    "geo_location": "Toms River, New Jersey, United States"
  },
  {
    "query": "disaster restoration",
    "geo_location": "Elizabeth, New Jersey, United States"
  },
  {
    "query": "disaster restoration",
    "geo_location": "Waterbury, Connecticut, United States"
  },
  {
    "query": "disaster restoration",
    "geo_location": "New Bedford, Massachusetts, United States"
  },
  {
    "query": "disaster restoration",
    "geo_location": "Manchester, New Hampshire, United States"
  },
  {
    "query": "disaster restoration",
    "geo_location": "Brockton, Massachusetts, United States"
  },
  {
    "query": "disaster restoration",
    "geo_location": "Lewisville, Texas, United States"
  },
  {
    "query": "disaster restoration",
    "geo_location": "Abilene, Texas, United States"
  },
  {
    "query": "disaster restoration",
    "geo_location": "Longview, Texas, United States"
  },
  {
    "query": "disaster restoration",
    "geo_location": "Rialto, California, United States"
  },
  {
    "query": "disaster restoration",
    "geo_location": "Hesperia, California, United States"
  },
  {
    "query": "disaster restoration",
    "geo_location": "Pasadena, California, United States"
  },
  {
    "query": "disaster restoration",
    "geo_location": "Temecula, California, United States"
  },
  {
    "query": "disaster restoration",
    "geo_location": "San Buenaventura, California, United States"
  },
  {
    "query": "disaster restoration",
    "geo_location": "West Covina, California, United States"
  },
  {
    "query": "disaster restoration",
    "geo_location": "Jurupa Valley, California, United States"
  },
  {
    "query": "disaster restoration",
    "geo_location": "Orange, California, United States"
  },
  {
    "query": "disaster restoration",
    "geo_location": "Carlsbad, California, United States"
  },
  {
    "query": "disaster restoration",
    "geo_location": "Murrieta, California, United States"
  },
  {
    "query": "disaster restoration",
    "geo_location": "Boston, Massachusetts, United States"
  },
  {
    "query": "disaster restoration",
    "geo_location": "Nashua, New Hampshire, United States"
  },
  {
    "query": "disaster restoration",
    "geo_location": "Stamford, Connecticut, United States"
  },
  {
    "query": "disaster restoration",
    "geo_location": "Cambridge, Massachusetts, United States"
  },
  {
    "query": "disaster restoration",
    "geo_location": "Quincy, Massachusetts, United States"
  },
  {
    "query": "disaster restoration",
    "geo_location": "Leominster, Massachusetts, United States"
  },
  {
    "query": "disaster restoration",
    "geo_location": "Hartford, Connecticut, United States"
  },
  {
    "query": "disaster restoration",
    "geo_location": "Bridgeport, Connecticut, United States"
  },
  {
    "query": "disaster restoration",
    "geo_location": "New Haven, Connecticut, United States"
  },
  {
    "query": "disaster restoration",
    "geo_location": "Worcester, Massachusetts, United States"
  },
  {
    "query": "disaster restoration",
    "geo_location": "Springfield, Massachusetts, United States"
  },
  {
    "query": "disaster restoration",
    "geo_location": "Portland, Maine, United States"
  },
  {
    "query": "disaster restoration",
    "geo_location": "Danbury, Connecticut, United States"
  },
  {
    "query": "disaster restoration",
    "geo_location": "Norwich, Connecticut, United States"
  },
  {
    "query": "disaster restoration",
    "geo_location": "Burlington, Vermont, United States"
  },
  {
    "query": "disaster restoration",
    "geo_location": "Lowell, Massachusetts, United States"
  },
  {
    "query": "disaster restoration",
    "geo_location": "Providence, Rhode Island, United States"
  },
  {
    "query": "disaster restoration",
    "geo_location": "Lynn, Massachusetts, United States"
  },
  {
    "query": "disaster restoration",
    "geo_location": "Huntington, New York, United States"
  },
  {
    "query": "disaster restoration",
    "geo_location": "Smithtown, New York, United States"
  },
  {
    "query": "disaster restoration",
    "geo_location": "Davie, Florida, United States"
  },
  {
    "query": "disaster restoration",
    "geo_location": "Mesquite, Texas, United States"
  },
  {
    "query": "disaster restoration",
    "geo_location": "Allen, Texas, United States"
  },
  {
    "query": "disaster restoration",
    "geo_location": "Spring Hill, Florida, United States"
  },
  {
    "query": "disaster restoration",
    "geo_location": "Miramar, Florida, United States"
  },
  {
    "query": "disaster restoration",
    "geo_location": "Grand Prairie, Texas, United States"
  },
  {
    "query": "disaster restoration",
    "geo_location": "Sunrise, Florida, United States"
  },
  {
    "query": "disaster restoration",
    "geo_location": "Pompano Beach, Florida, United States"
  },
  {
    "query": "disaster restoration",
    "geo_location": "Coral Springs, Florida, United States"
  },
  {
    "query": "disaster restoration",
    "geo_location": "Carrollton, Texas, United States"
  },
  {
    "query": "disaster restoration",
    "geo_location": "Richardson, Texas, United States"
  },
  {
    "query": "disaster restoration",
    "geo_location": "Sunrise Manor, Nevada, United States"
  },
  {
    "query": "disaster restoration",
    "geo_location": "Paradise, Nevada, United States"
  },
  {
    "query": "disaster restoration",
    "geo_location": "Enterprise, Nevada, United States"
  },
  {
    "query": "disaster restoration",
    "geo_location": "Spring Valley, Nevada, United States"
  },
  {
    "query": "disaster restoration",
    "geo_location": "Federal Way, Washington, United States"
  },
  {
    "query": "disaster restoration",
    "geo_location": "Renton, Washington, United States"
  },
  {
    "query": "disaster restoration",
    "geo_location": "Menifee, California, United States"
  },
  {
    "query": "disaster restoration",
    "geo_location": "Inglewood, California, United States"
  },
  {
    "query": "disaster restoration",
    "geo_location": "Rancho Cucamonga, California, United States"
  },
  {
    "query": "disaster restoration",
    "geo_location": "Garden Grove, California, United States"
  },
  {
    "query": "disaster restoration",
    "geo_location": "Corona, California, United States"
  },
  {
    "query": "disaster restoration",
    "geo_location": "Torrance, California, United States"
  },
  {
    "query": "disaster restoration",
    "geo_location": "Fullerton, California, United States"
  },
  {
    "query": "disaster restoration",
    "geo_location": "Berkeley, California, United States"
  },
  {
    "query": "disaster restoration",
    "geo_location": "Gilroy, California, United States"
  },
  {
    "query": "disaster restoration",
    "geo_location": "Costa Mesa, California, United States"
  },
  {
    "query": "disaster restoration",
    "geo_location": "Burbank, California, United States"
  },
  {
    "query": "disaster restoration",
    "geo_location": "Norwalk, California, United States"
  },
  {
    "query": "disaster restoration",
    "geo_location": "Vista, California, United States"
  },
  {
    "query": "disaster restoration",
    "geo_location": "Glendale, California, United States"
  },
  {
    "query": "disaster restoration",
    "geo_location": "Hemet, California, United States"
  },
  {
    "query": "disaster restoration",
    "geo_location": "Palmdale, California, United States"
  },
  {
    "query": "disaster restoration",
    "geo_location": "Escondido, California, United States"
  },
  {
    "query": "disaster restoration",
    "geo_location": "Pomona, California, United States"
  },
  {
    "query": "disaster restoration",
    "geo_location": "East Los Angeles, California, United States"
  },
  {
    "query": "disaster restoration",
    "geo_location": "El Monte, California, United States"
  },
  {
    "query": "disaster restoration",
    "geo_location": "Ontario, California, United States"
  },
  {
    "query": "disaster restoration",
    "geo_location": "Lancaster, California, United States"
  },
  {
    "query": "disaster restoration",
    "geo_location": "Downey, California, United States"
  },
  {
    "query": "disaster restoration",
    "geo_location": "El Cajon, California, United States"
  },
  {
    "query": "disaster restoration",
    "geo_location": "Huntington Beach, California, United States"
  },
  {
    "query": "disaster restoration",
    "geo_location": "Irvine, California, United States"
  }
]